"ID","workerFirstName","workerLastName","username","email","password","phoneNum"
500,Oliver,Hill,Oli500,Oliver.Hill@gmail.com,asdf,10527953
501,Oliver,Miller,Oli501,Oliver.Miller@gmail.com,asdf,86348064
502,Jacob,Taylor,Jac502,Jacob.Taylor@gmail.com,asdf,16209837
503,Jack,Reed,Jac503,Jack.Reed@gmail.com,asdf,28984822
504,Sophie,Hill,Sop504,Sophie.Hill@gmail.com,asdf,10589818
505,Harry,Williams,Har505,Harry.Williams@gmail.com,asdf,61223272
506,Jacob,Reed,Jac506,Jacob.Reed@gmail.com,asdf,2950646
507,Charlie,Williams,Cha507,Charlie.Williams@gmail.com,asdf,29862138
508,George,Davis,Geo508,George.Davis@gmail.com,asdf,57038129
509,Harry,Reed,Har509,Harry.Reed@gmail.com,asdf,56678790
510,George,Moore,Geo510,George.Moore@gmail.com,asdf,64219744
511,Olivia,Williams,Oli511,Olivia.Williams@gmail.com,asdf,1107492
512,Poppy,Moore,Pop512,Poppy.Moore@gmail.com,asdf,8819941
513,Oliver,Morgan,Oli513,Oliver.Morgan@gmail.com,asdf,7552216
514,Harry,Moore,Har514,Harry.Moore@gmail.com,asdf,34347853
515,Jack,Smith,Jac515,Jack.Smith@gmail.com,asdf,63544999
516,Jacob,Cook,Jac516,Jacob.Cook@gmail.com,asdf,60812619
517,Charlie,Williams,Cha517,Charlie.Williams@gmail.com,asdf,85448492
518,Thomas,Brown,Tho518,Thomas.Brown@gmail.com,asdf,50331341
519,Bob,Reed,Bob519,Bob.Reed@gmail.com,asdf,83387517
520,Oscar,Davis,Osc520,Oscar.Davis@gmail.com,asdf,69143532
521,Oscar,Davis,Osc521,Oscar.Davis@gmail.com,asdf,50251095
522,Emily,Anderson,Emi522,Emily.Anderson@gmail.com,asdf,17870078
523,Oliver,Johnson,Oli523,Oliver.Johnson@gmail.com,asdf,33371913
524,Isla,Johnson,Isl524,Isla.Johnson@gmail.com,asdf,88477924
525,Emily,Wilson,Emi525,Emily.Wilson@gmail.com,asdf,61967706
526,Emily,Jones,Emi526,Emily.Jones@gmail.com,asdf,53846949
527,Jacob,Johnson,Jac527,Jacob.Johnson@gmail.com,asdf,62922173
528,Emily,Wilson,Emi528,Emily.Wilson@gmail.com,asdf,82276872
529,Charlie,Miller,Cha529,Charlie.Miller@gmail.com,asdf,70627642
530,Poppy,Cook,Pop530,Poppy.Cook@gmail.com,asdf,3879149
531,Charlie,Reed,Cha531,Charlie.Reed@gmail.com,asdf,53626306
532,George,Wilson,Geo532,George.Wilson@gmail.com,asdf,3996318
533,Emily,Taylor,Emi533,Emily.Taylor@gmail.com,asdf,58175401
534,Stacy,Hill,Sta534,Stacy.Hill@gmail.com,asdf,20277340
535,James,Moore,Jam535,James.Moore@gmail.com,asdf,50225957
536,James,Lopez,Jam536,James.Lopez@gmail.com,asdf,51662060
537,Olivia,Brown,Oli537,Olivia.Brown@gmail.com,asdf,29839823
538,Isla,Lopez,Isl538,Isla.Lopez@gmail.com,asdf,80819676
539,Stacy,Murphy,Sta539,Stacy.Murphy@gmail.com,asdf,14720276
540,Oliver,Taylor,Oli540,Oliver.Taylor@gmail.com,asdf,53172982
541,Harry,Davis,Har541,Harry.Davis@gmail.com,asdf,56412577
542,Harry,Miller,Har542,Harry.Miller@gmail.com,asdf,4442180
543,Emily,Morgan,Emi543,Emily.Morgan@gmail.com,asdf,42475767
544,James,Moore,Jam544,James.Moore@gmail.com,asdf,33636563
545,Oscar,Anderson,Osc545,Oscar.Anderson@gmail.com,asdf,26271337
546,Poppy,Cook,Pop546,Poppy.Cook@gmail.com,asdf,85490666
547,Poppy,Jones,Pop547,Poppy.Jones@gmail.com,asdf,1614469
548,Jacob,Hill,Jac548,Jacob.Hill@gmail.com,asdf,8148879
549,Emily,Lopez,Emi549,Emily.Lopez@gmail.com,asdf,58194782
550,Emily,Williams,Emi550,Emily.Williams@gmail.com,asdf,33442268
551,James,Williams,Jam551,James.Williams@gmail.com,asdf,46390126
552,Emily,Lopez,Emi552,Emily.Lopez@gmail.com,asdf,32856632
553,Isla,Lopez,Isl553,Isla.Lopez@gmail.com,asdf,20995682
554,Bob,Moore,Bob554,Bob.Moore@gmail.com,asdf,58393911
555,Sophie,Davis,Sop555,Sophie.Davis@gmail.com,asdf,20639784
556,Jack,Smith,Jac556,Jack.Smith@gmail.com,asdf,17382013
557,Sophie,Morgan,Sop557,Sophie.Morgan@gmail.com,asdf,49947364
558,Oscar,Brown,Osc558,Oscar.Brown@gmail.com,asdf,87552152
559,Stacy,Cook,Sta559,Stacy.Cook@gmail.com,asdf,87262817
560,William,Lopez,Wil560,William.Lopez@gmail.com,asdf,28238968
561,Jack,Smith,Jac561,Jack.Smith@gmail.com,asdf,38840027
562,Oscar,Wilson,Osc562,Oscar.Wilson@gmail.com,asdf,1641272
563,Isla,Morgan,Isl563,Isla.Morgan@gmail.com,asdf,23566728
564,Stacy,Brown,Sta564,Stacy.Brown@gmail.com,asdf,47017109
565,Emily,Johnson,Emi565,Emily.Johnson@gmail.com,asdf,37967461
566,James,Davis,Jam566,James.Davis@gmail.com,asdf,48326940
567,Thomas,Anderson,Tho567,Thomas.Anderson@gmail.com,asdf,8329088
568,Thomas,Anderson,Tho568,Thomas.Anderson@gmail.com,asdf,34702100
569,Emily,Smith,Emi569,Emily.Smith@gmail.com,asdf,13461763
570,Jack,Anderson,Jac570,Jack.Anderson@gmail.com,asdf,36372338
571,Harry,Brown,Har571,Harry.Brown@gmail.com,asdf,72589930
572,Olivia,Jones,Oli572,Olivia.Jones@gmail.com,asdf,72019121
573,Poppy,Wilson,Pop573,Poppy.Wilson@gmail.com,asdf,60181114
574,Stacy,Miller,Sta574,Stacy.Miller@gmail.com,asdf,27679103
575,Jacob,Williams,Jac575,Jacob.Williams@gmail.com,asdf,39276182
576,Olivia,Davis,Oli576,Olivia.Davis@gmail.com,asdf,89487851
577,Olivia,Lopez,Oli577,Olivia.Lopez@gmail.com,asdf,65890639
578,Thomas,Reed,Tho578,Thomas.Reed@gmail.com,asdf,74142909
579,Jacob,Lopez,Jac579,Jacob.Lopez@gmail.com,asdf,41851022
580,Oliver,Williams,Oli580,Oliver.Williams@gmail.com,asdf,32350441
581,William,Lopez,Wil581,William.Lopez@gmail.com,asdf,42658919
582,Charlie,Moore,Cha582,Charlie.Moore@gmail.com,asdf,5497866
583,Sophie,Morgan,Sop583,Sophie.Morgan@gmail.com,asdf,2979655
584,Harry,Moore,Har584,Harry.Moore@gmail.com,asdf,26800769
585,Stacy,Hill,Sta585,Stacy.Hill@gmail.com,asdf,8955201
586,Thomas,Cook,Tho586,Thomas.Cook@gmail.com,asdf,12001538
587,Jacob,Lopez,Jac587,Jacob.Lopez@gmail.com,asdf,49604333
588,Oscar,Smith,Osc588,Oscar.Smith@gmail.com,asdf,48146139
589,Jack,Murphy,Jac589,Jack.Murphy@gmail.com,asdf,60237402
590,Olivia,Williams,Oli590,Olivia.Williams@gmail.com,asdf,39700086
591,Sophie,Davis,Sop591,Sophie.Davis@gmail.com,asdf,87443921
592,Olivia,Reed,Oli592,Olivia.Reed@gmail.com,asdf,65714491
593,Oliver,Jones,Oli593,Oliver.Jones@gmail.com,asdf,80774436
594,Jack,Moore,Jac594,Jack.Moore@gmail.com,asdf,56933758
595,Jack,Davis,Jac595,Jack.Davis@gmail.com,asdf,39632506
596,Charlie,Williams,Cha596,Charlie.Williams@gmail.com,asdf,71006821
597,Jack,Morgan,Jac597,Jack.Morgan@gmail.com,asdf,44696107
598,Thomas,Wilson,Tho598,Thomas.Wilson@gmail.com,asdf,34950066
599,Oliver,Taylor,Oli599,Oliver.Taylor@gmail.com,asdf,30094030
